URL,Extracted Li HTML
https://www.autotrader.co.uk/retailer/stock?advertising-location=at_cars&advertising-location=at_profile_cars&dealer=7402&onesearchad=Used&onesearchad=Nearly%20New&onesearchad=New&advertising-location=at_cars&advertising-location=at_profile_cars&sort=price-desc,"<li><a href=""/car-details/202404198845517?advert-type=dealer-stock&amp;advertising-location=at_cars&amp;advertising-location=at_profile_cars&amp;advertising-location=at_cars&amp;advertising-location=at_profile_cars&amp;fromDealerSearchResults=%2Fretailer%2Fstock%3Fadvertising-location%3Dat_cars%26advertising-location%3Dat_profile_cars%26dealer%3D7402%26onesearchad%3DUsed%26onesearchad%3DNearly%2520New%26onesearchad%3DNew%26advertising-location%3Dat_cars%26advertising-location%3Dat_profile_cars%26sort%3Dprice-desc&amp;dpp=7402&amp;sort=price-desc&amp;percentVehiclePriceDeposit=true""><div class=""stock-view-listing"" id=""202404198845517"" name=""202404198845517""><div class=""information-container""><img alt="" "" class=""featured-image"" src=""https://m.atcdn.co.uk/a/media/w227h170/0e440bfe36f74e4aa6b33ab9295ce749.jpg""/><div class=""image-overlay""><span class=""svg-holder""><span><svg height=""11"" width=""14"" xmlns=""http://www.w3.org/2000/svg""><g fill=""none"" fill-rule=""evenodd""><path d=""M7 9a3 3 0 1 1 0-6 3 3 0 0 1 0 6zm0-1a2 2 0 1 0 0-4 2 2 0 0 0 0 4z"" fill=""#FFF""></path><path d=""M4.854.5h4.292l1.315 1.795.15.205H12.4c.812 0 1.1.22 1.1 1v5.935c0 .582-.494 1.065-1.1 1.065H1.6c-.606 0-1.1-.483-1.1-1.065V3.5c0-.78.288-1 1.1-1h1.79l.15-.205L4.853.5z"" stroke=""#FFF""></path></g></svg></span></span>43</div><span class=""information""><h2>Bentley Continental R TURBO 2-Door 6.8 2dr</h2><h3></h3><p>1994 (M reg) | Saloon | 23,000 miles | 6.8L | Automatic | Petrol | 2 doors | 7 owners</p><p class=""vehicle-condition""></p><p></p><p class=""dealer-location"">Harringtons Of Fulham Ltd, Fulham</p></span></div><div class=""price-container""><h2 class=""atc-type-insignia--medium vehicle-price"">£34,995</h2></div><div class=""list-images-and-logo-container""><ul class=""list-images""><li><img alt="""" class=""list-image"" src=""https://m.atcdn.co.uk/a/media/w84h63/0f4b06d2c44b4085be23c7c51d1a8f5b.jpg""/></li><li><img alt="""" class=""list-image"" src=""https://m.atcdn.co.uk/a/media/w84h63/b3f0559d04134f32a6803237fba68eb7.jpg""/></li><li><img alt="""" class=""list-image"" src=""https://m.atcdn.co.uk/a/media/w84h63/f774a3775e5946368d82c5d145f0f0b6.jpg""/></li><li><img alt="""" class=""list-image"" src=""https://m.atcdn.co.uk/a/media/w84h63/dac7efc0dd2b480ab391a3c5e9fbfd02.jpg""/></li><li><img alt="""" class=""list-image"" src=""https://m.atcdn.co.uk/a/media/w84h63/78dccb308e8045149cd80886ef06c9ac.jpg""/></li><li><img alt="""" class=""list-image"" src=""https://m.atcdn.co.uk/a/media/w84h63/1f23756567304ef781b8554a1f2dc891.jpg""/></li><li><img alt="""" class=""list-image"" src=""https://m.atcdn.co.uk/a/media/w84h63/940d4e050a604b42a561d5c96381f66f.jpg""/></li></ul><img alt=""Dealer logo"" src=""https://m.atcdn.co.uk/dealer-logo/at2/adbranding/7402/images/searchlogo.gif""/></div></div></a></li>"
https://www.autotrader.co.uk/retailer/stock?advertising-location=at_cars&advertising-location=at_profile_cars&dealer=7402&onesearchad=Used&onesearchad=Nearly%20New&onesearchad=New&advertising-location=at_cars&advertising-location=at_profile_cars&sort=price-desc,"<li><a href=""/car-details/202408052558953?advert-type=dealer-stock&amp;advertising-location=at_cars&amp;advertising-location=at_profile_cars&amp;advertising-location=at_cars&amp;advertising-location=at_profile_cars&amp;fromDealerSearchResults=%2Fretailer%2Fstock%3Fadvertising-location%3Dat_cars%26advertising-location%3Dat_profile_cars%26dealer%3D7402%26onesearchad%3DUsed%26onesearchad%3DNearly%2520New%26onesearchad%3DNew%26advertising-location%3Dat_cars%26advertising-location%3Dat_profile_cars%26sort%3Dprice-desc&amp;dpp=7402&amp;sort=price-desc&amp;percentVehiclePriceDeposit=true""><div class=""stock-view-listing"" id=""202408052558953"" name=""202408052558953""><div class=""information-container""><img alt="" "" class=""featured-image"" src=""https://m.atcdn.co.uk/a/media/w227h170/44336ada6b38497badd940a63e3034fd.jpg""/><div class=""image-overlay""><span class=""svg-holder""><span><svg height=""11"" width=""14"" xmlns=""http://www.w3.org/2000/svg""><g fill=""none"" fill-rule=""evenodd""><path d=""M7 9a3 3 0 1 1 0-6 3 3 0 0 1 0 6zm0-1a2 2 0 1 0 0-4 2 2 0 0 0 0 4z"" fill=""#FFF""></path><path d=""M4.854.5h4.292l1.315 1.795.15.205H12.4c.812 0 1.1.22 1.1 1v5.935c0 .582-.494 1.065-1.1 1.065H1.6c-.606 0-1.1-.483-1.1-1.065V3.5c0-.78.288-1 1.1-1h1.79l.15-.205L4.853.5z"" stroke=""#FFF""></path></g></svg></span></span>27</div><span class=""information""><h2>Tesla Model 3 (Dual Motor) Long Range Saloon 4dr Electric Auto 4WDE (346 ps)</h2><h3></h3><p>2020 (20 reg) | Saloon | 15,000 miles | Automatic | Electric | 4 doors | 5 seats | 2 owners</p><p class=""vehicle-condition""></p><p></p><p class=""dealer-location"">Harringtons Of Fulham Ltd, Fulham</p></span></div><div class=""price-container""><h2 class=""atc-type-insignia--medium vehicle-price"">£22,995</h2><div class=""price-indicator-gauge-container price-indicator-gauge-container--lozenge""><div class=""price-indicator-gauge__lozenge price-indicator-gauge__lozenge--great atc-type-smart atc-type-smart--medium"">Great price</div></div></div><div class=""list-images-and-logo-container""><ul class=""list-images""><li><img alt="""" class=""list-image"" src=""https://m.atcdn.co.uk/a/media/w84h63/42f5efe9ebfc443f9ebd88250a7b86b9.jpg""/></li><li><img alt="""" class=""list-image"" src=""https://m.atcdn.co.uk/a/media/w84h63/36d52a109e8248d88915ee36a946699d.jpg""/></li><li><img alt="""" class=""list-image"" src=""https://m.atcdn.co.uk/a/media/w84h63/09083aada9c94bbc8b21f11098f08a14.jpg""/></li><li><img alt="""" class=""list-image"" src=""https://m.atcdn.co.uk/a/media/w84h63/28d0294352be4f44aaf6ffebec7f789a.jpg""/></li><li><img alt="""" class=""list-image"" src=""https://m.atcdn.co.uk/a/media/w84h63/6cc2130130ce475cafcf3c1bd6795396.jpg""/></li><li><img alt="""" class=""list-image"" src=""https://m.atcdn.co.uk/a/media/w84h63/a2d732e2d3484c398225e3c94a4ab989.jpg""/></li><li><img alt="""" class=""list-image"" src=""https://m.atcdn.co.uk/a/media/w84h63/bf55ad0fe71a4b5195f3edab6700cf96.jpg""/></li></ul><img alt=""Dealer logo"" src=""https://m.atcdn.co.uk/dealer-logo/at2/adbranding/7402/images/searchlogo.gif""/></div></div></a></li>"
https://www.autotrader.co.uk/retailer/stock?advertising-location=at_cars&advertising-location=at_profile_cars&dealer=7402&onesearchad=Used&onesearchad=Nearly%20New&onesearchad=New&advertising-location=at_cars&advertising-location=at_profile_cars&sort=price-desc,"<li><a href=""/car-details/202407252149881?advert-type=dealer-stock&amp;advertising-location=at_cars&amp;advertising-location=at_profile_cars&amp;advertising-location=at_cars&amp;advertising-location=at_profile_cars&amp;fromDealerSearchResults=%2Fretailer%2Fstock%3Fadvertising-location%3Dat_cars%26advertising-location%3Dat_profile_cars%26dealer%3D7402%26onesearchad%3DUsed%26onesearchad%3DNearly%2520New%26onesearchad%3DNew%26advertising-location%3Dat_cars%26advertising-location%3Dat_profile_cars%26sort%3Dprice-desc&amp;dpp=7402&amp;sort=price-desc&amp;percentVehiclePriceDeposit=true""><div class=""stock-view-listing"" id=""202407252149881"" name=""202407252149881""><div class=""information-container""><img alt="" "" class=""featured-image"" src=""https://m.atcdn.co.uk/a/media/w227h170/9eb9c9804b154cc2880cee663d9f7ae1.jpg""/><div class=""image-overlay""><span class=""svg-holder""><span><svg height=""11"" width=""14"" xmlns=""http://www.w3.org/2000/svg""><g fill=""none"" fill-rule=""evenodd""><path d=""M7 9a3 3 0 1 1 0-6 3 3 0 0 1 0 6zm0-1a2 2 0 1 0 0-4 2 2 0 0 0 0 4z"" fill=""#FFF""></path><path d=""M4.854.5h4.292l1.315 1.795.15.205H12.4c.812 0 1.1.22 1.1 1v5.935c0 .582-.494 1.065-1.1 1.065H1.6c-.606 0-1.1-.483-1.1-1.065V3.5c0-.78.288-1 1.1-1h1.79l.15-.205L4.853.5z"" stroke=""#FFF""></path></g></svg></span></span>41</div><span class=""information""><h2>Audi Q2 1.5 TFSI CoD 35 S line SUV 5dr Petrol S Tronic Euro 6 (s/s) (150 ps)</h2><h3></h3><p>2021 (21 reg) | SUV | 18,000 miles | 1.5L | Automatic | Petrol | 5 doors | 5 seats | 2 owners</p><p class=""vehicle-condition""></p><p></p><p class=""dealer-location"">Harringtons Of Fulham Ltd, Fulham</p></span></div><div class=""price-container""><h2 class=""atc-type-insignia--medium vehicle-price"">£22,495</h2><div class=""price-indicator-gauge-container price-indicator-gauge-container--lozenge""><div class=""price-indicator-gauge__lozenge price-indicator-gauge__lozenge--great atc-type-smart atc-type-smart--medium"">Great price</div></div></div><div class=""list-images-and-logo-container""><ul class=""list-images""><li><img alt="""" class=""list-image"" src=""https://m.atcdn.co.uk/a/media/w84h63/2af5adfd4e564ef5bf7beeccbe9b1d93.jpg""/></li><li><img alt="""" class=""list-image"" src=""https://m.atcdn.co.uk/a/media/w84h63/2a0d10aa97cc4e4ca16f8807dcfac33f.jpg""/></li><li><img alt="""" class=""list-image"" src=""https://m.atcdn.co.uk/a/media/w84h63/cd2f282e774b469c8754ad7cd82b7ee1.jpg""/></li><li><img alt="""" class=""list-image"" src=""https://m.atcdn.co.uk/a/media/w84h63/122077fce8384352bceb49e0aad09a60.jpg""/></li><li><img alt="""" class=""list-image"" src=""https://m.atcdn.co.uk/a/media/w84h63/07b6a5aa39bb4ec7890c993c745491d3.jpg""/></li><li><img alt="""" class=""list-image"" src=""https://m.atcdn.co.uk/a/media/w84h63/98fbdf041dcb4305af0719e0941d9179.jpg""/></li><li><img alt="""" class=""list-image"" src=""https://m.atcdn.co.uk/a/media/w84h63/ba0b3708dbb242c7bacc2cea1504e174.jpg""/></li></ul><img alt=""Dealer logo"" src=""https://m.atcdn.co.uk/dealer-logo/at2/adbranding/7402/images/searchlogo.gif""/></div></div></a></li>"
https://www.autotrader.co.uk/retailer/stock?advertising-location=at_cars&advertising-location=at_profile_cars&dealer=7402&onesearchad=Used&onesearchad=Nearly%20New&onesearchad=New&advertising-location=at_cars&advertising-location=at_profile_cars&sort=price-desc,"<li><a href=""/car-details/202408112768473?advert-type=dealer-stock&amp;advertising-location=at_cars&amp;advertising-location=at_profile_cars&amp;advertising-location=at_cars&amp;advertising-location=at_profile_cars&amp;fromDealerSearchResults=%2Fretailer%2Fstock%3Fadvertising-location%3Dat_cars%26advertising-location%3Dat_profile_cars%26dealer%3D7402%26onesearchad%3DUsed%26onesearchad%3DNearly%2520New%26onesearchad%3DNew%26advertising-location%3Dat_cars%26advertising-location%3Dat_profile_cars%26sort%3Dprice-desc&amp;dpp=7402&amp;sort=price-desc&amp;percentVehiclePriceDeposit=true""><div class=""stock-view-listing"" id=""202408112768473"" name=""202408112768473""><div class=""information-container""><img alt="" "" class=""featured-image"" src=""https://m.atcdn.co.uk/a/media/w227h170/bcec52e25fc64d40a910c1b5c50ab360.jpg""/><div class=""image-overlay""><span class=""svg-holder""><span><svg height=""11"" width=""14"" xmlns=""http://www.w3.org/2000/svg""><g fill=""none"" fill-rule=""evenodd""><path d=""M7 9a3 3 0 1 1 0-6 3 3 0 0 1 0 6zm0-1a2 2 0 1 0 0-4 2 2 0 0 0 0 4z"" fill=""#FFF""></path><path d=""M4.854.5h4.292l1.315 1.795.15.205H12.4c.812 0 1.1.22 1.1 1v5.935c0 .582-.494 1.065-1.1 1.065H1.6c-.606 0-1.1-.483-1.1-1.065V3.5c0-.78.288-1 1.1-1h1.79l.15-.205L4.853.5z"" stroke=""#FFF""></path></g></svg></span></span>42</div><span class=""information""><h2>Jaguar I-Pace 400 90kWh S SUV 5dr Electric Auto 4WD (400 ps)</h2><h3></h3><p>2020 (20 reg) | SUV | 52,000 miles | Automatic | Electric | 5 doors | 5 seats | 2 owners</p><p class=""vehicle-condition""></p><p></p><p class=""dealer-location"">Harringtons Of Fulham Ltd, Fulham</p></span></div><div class=""price-container""><h2 class=""atc-type-insignia--medium vehicle-price"">£17,995</h2><div class=""price-indicator-gauge-container price-indicator-gauge-container--lozenge""><div class=""price-indicator-gauge__lozenge price-indicator-gauge__lozenge--good atc-type-smart atc-type-smart--medium"">Good price</div></div></div><div class=""list-images-and-logo-container""><ul class=""list-images""><li><img alt="""" class=""list-image"" src=""https://m.atcdn.co.uk/a/media/w84h63/d3d7c7fb887045688044e34b0c8bc263.jpg""/></li><li><img alt="""" class=""list-image"" src=""https://m.atcdn.co.uk/a/media/w84h63/d2495871a65647de9b1d3b71a46388f4.jpg""/></li><li><img alt="""" class=""list-image"" src=""https://m.atcdn.co.uk/a/media/w84h63/8043dbaf78384189898668fd4ab00400.jpg""/></li><li><img alt="""" class=""list-image"" src=""https://m.atcdn.co.uk/a/media/w84h63/4caffd6735894777a71b5e9d42f987f2.jpg""/></li><li><img alt="""" class=""list-image"" src=""https://m.atcdn.co.uk/a/media/w84h63/066a51f6b05248a082c96afae882c256.jpg""/></li><li><img alt="""" class=""list-image"" src=""https://m.atcdn.co.uk/a/media/w84h63/d01d64e6017747c881f543cd2c554281.jpg""/></li><li><img alt="""" class=""list-image"" src=""https://m.atcdn.co.uk/a/media/w84h63/23a4d8f98b944d44a005dde5b4eafaae.jpg""/></li></ul><img alt=""Dealer logo"" src=""https://m.atcdn.co.uk/dealer-logo/at2/adbranding/7402/images/searchlogo.gif""/></div></div></a></li>"
https://www.autotrader.co.uk/retailer/stock?advertising-location=at_cars&advertising-location=at_profile_cars&dealer=7402&onesearchad=Used&onesearchad=Nearly%20New&onesearchad=New&advertising-location=at_cars&advertising-location=at_profile_cars&sort=price-desc,"<li><a href=""/car-details/202408082677911?advert-type=dealer-stock&amp;advertising-location=at_cars&amp;advertising-location=at_profile_cars&amp;advertising-location=at_cars&amp;advertising-location=at_profile_cars&amp;fromDealerSearchResults=%2Fretailer%2Fstock%3Fadvertising-location%3Dat_cars%26advertising-location%3Dat_profile_cars%26dealer%3D7402%26onesearchad%3DUsed%26onesearchad%3DNearly%2520New%26onesearchad%3DNew%26advertising-location%3Dat_cars%26advertising-location%3Dat_profile_cars%26sort%3Dprice-desc&amp;dpp=7402&amp;sort=price-desc&amp;percentVehiclePriceDeposit=true""><div class=""stock-view-listing"" id=""202408082677911"" name=""202408082677911""><div class=""information-container""><img alt="" "" class=""featured-image"" src=""https://m.atcdn.co.uk/a/media/w227h170/06d3860194b143fda1f238217ff0b648.jpg""/><div class=""image-overlay""><span class=""svg-holder""><span><svg height=""11"" width=""14"" xmlns=""http://www.w3.org/2000/svg""><g fill=""none"" fill-rule=""evenodd""><path d=""M7 9a3 3 0 1 1 0-6 3 3 0 0 1 0 6zm0-1a2 2 0 1 0 0-4 2 2 0 0 0 0 4z"" fill=""#FFF""></path><path d=""M4.854.5h4.292l1.315 1.795.15.205H12.4c.812 0 1.1.22 1.1 1v5.935c0 .582-.494 1.065-1.1 1.065H1.6c-.606 0-1.1-.483-1.1-1.065V3.5c0-.78.288-1 1.1-1h1.79l.15-.205L4.853.5z"" stroke=""#FFF""></path></g></svg></span></span>33</div><span class=""information""><h2>MINI Hatch 2.0 Cooper S Hatchback 3dr Petrol Steptronic Euro 6 (s/s) (192 ps)</h2><h3></h3><p>2018 (18 reg) | Hatchback | 31,000 miles | 2.0L | Automatic | Petrol | 3 doors | 4 seats | 4 owners</p><p class=""vehicle-condition""></p><p></p><p class=""dealer-location"">Harringtons Of Fulham Ltd, Fulham</p></span></div><div class=""price-container""><h2 class=""atc-type-insignia--medium vehicle-price"">£16,495</h2><div class=""price-indicator-gauge-container price-indicator-gauge-container--lozenge""><div class=""price-indicator-gauge__lozenge price-indicator-gauge__lozenge--good atc-type-smart atc-type-smart--medium"">Good price</div></div></div><div class=""list-images-and-logo-container""><ul class=""list-images""><li><img alt="""" class=""list-image"" src=""https://m.atcdn.co.uk/a/media/w84h63/562a4a103cc54ad5a65838bbd838de5f.jpg""/></li><li><img alt="""" class=""list-image"" src=""https://m.atcdn.co.uk/a/media/w84h63/3a995afcc814494893a08002562013a9.jpg""/></li><li><img alt="""" class=""list-image"" src=""https://m.atcdn.co.uk/a/media/w84h63/d46689a6b8e24e95a8747dcdec326689.jpg""/></li><li><img alt="""" class=""list-image"" src=""https://m.atcdn.co.uk/a/media/w84h63/ed2420d8640244da97a2577e2f56803e.jpg""/></li><li><img alt="""" class=""list-image"" src=""https://m.atcdn.co.uk/a/media/w84h63/ee220c649faa43fcbe00920896138b53.jpg""/></li><li><img alt="""" class=""list-image"" src=""https://m.atcdn.co.uk/a/media/w84h63/b814eace421040a0a130278a12b470cb.jpg""/></li><li><img alt="""" class=""list-image"" src=""https://m.atcdn.co.uk/a/media/w84h63/23ef61a7d1f54b8b9669950ce08e2261.jpg""/></li></ul><img alt=""Dealer logo"" src=""https://m.atcdn.co.uk/dealer-logo/at2/adbranding/7402/images/searchlogo.gif""/></div></div></a></li>"
https://www.autotrader.co.uk/retailer/stock?advertising-location=at_cars&advertising-location=at_profile_cars&dealer=7402&onesearchad=Used&onesearchad=Nearly%20New&onesearchad=New&advertising-location=at_cars&advertising-location=at_profile_cars&sort=price-desc,"<li><a href=""/car-details/202408203104704?advert-type=dealer-stock&amp;advertising-location=at_cars&amp;advertising-location=at_profile_cars&amp;advertising-location=at_cars&amp;advertising-location=at_profile_cars&amp;fromDealerSearchResults=%2Fretailer%2Fstock%3Fadvertising-location%3Dat_cars%26advertising-location%3Dat_profile_cars%26dealer%3D7402%26onesearchad%3DUsed%26onesearchad%3DNearly%2520New%26onesearchad%3DNew%26advertising-location%3Dat_cars%26advertising-location%3Dat_profile_cars%26sort%3Dprice-desc&amp;dpp=7402&amp;sort=price-desc&amp;percentVehiclePriceDeposit=true""><div class=""stock-view-listing"" id=""202408203104704"" name=""202408203104704""><div class=""information-container""><img alt="" "" class=""featured-image"" src=""https://m.atcdn.co.uk/a/media/w227h170/b4f36af7908c4adf801e2a21d0835919.jpg""/><div class=""image-overlay""><span class=""svg-holder""><span><svg height=""11"" width=""14"" xmlns=""http://www.w3.org/2000/svg""><g fill=""none"" fill-rule=""evenodd""><path d=""M7 9a3 3 0 1 1 0-6 3 3 0 0 1 0 6zm0-1a2 2 0 1 0 0-4 2 2 0 0 0 0 4z"" fill=""#FFF""></path><path d=""M4.854.5h4.292l1.315 1.795.15.205H12.4c.812 0 1.1.22 1.1 1v5.935c0 .582-.494 1.065-1.1 1.065H1.6c-.606 0-1.1-.483-1.1-1.065V3.5c0-.78.288-1 1.1-1h1.79l.15-.205L4.853.5z"" stroke=""#FFF""></path></g></svg></span></span>38</div><span class=""information""><h2>Audi Q5 2.0 TDI S line Plus SUV 5dr Diesel Manual quattro Euro 6 (s/s) (190 ps)</h2><h3></h3><p>2015 (65 reg) | SUV | 89,000 miles | 2.0L | Manual | Diesel | 5 doors | 5 seats | 4 owners</p><p class=""vehicle-condition""></p><p></p><p class=""dealer-location"">Harringtons Of Fulham Ltd, Fulham</p></span></div><div class=""price-container""><h2 class=""atc-type-insignia--medium vehicle-price"">£11,995</h2><div class=""price-indicator-gauge-container price-indicator-gauge-container--lozenge""><div class=""price-indicator-gauge__lozenge price-indicator-gauge__lozenge--good atc-type-smart atc-type-smart--medium"">Good price</div></div></div><div class=""list-images-and-logo-container""><ul class=""list-images""><li><img alt="""" class=""list-image"" src=""https://m.atcdn.co.uk/a/media/w84h63/ade92a8abcc446459c8fe84992f8f84c.jpg""/></li><li><img alt="""" class=""list-image"" src=""https://m.atcdn.co.uk/a/media/w84h63/8b1102403b0d43dfa8b755f7660941de.jpg""/></li><li><img alt="""" class=""list-image"" src=""https://m.atcdn.co.uk/a/media/w84h63/2bb43dca361547768180f838c3d7cd1d.jpg""/></li><li><img alt="""" class=""list-image"" src=""https://m.atcdn.co.uk/a/media/w84h63/757c1f72802a4adaaa504e0551ef18f8.jpg""/></li><li><img alt="""" class=""list-image"" src=""https://m.atcdn.co.uk/a/media/w84h63/ac008bf6dd05470e82a395544431fa2a.jpg""/></li><li><img alt="""" class=""list-image"" src=""https://m.atcdn.co.uk/a/media/w84h63/0e7c26f25d1f44749f849a7fc285de8d.jpg""/></li><li><img alt="""" class=""list-image"" src=""https://m.atcdn.co.uk/a/media/w84h63/ccea6c5d98fa4149bcea6b1ed4fb36b5.jpg""/></li></ul><img alt=""Dealer logo"" src=""https://m.atcdn.co.uk/dealer-logo/at2/adbranding/7402/images/searchlogo.gif""/></div></div></a></li>"
https://www.autotrader.co.uk/retailer/stock?advertising-location=at_cars&advertising-location=at_profile_cars&dealer=7402&onesearchad=Used&onesearchad=Nearly%20New&onesearchad=New&advertising-location=at_cars&advertising-location=at_profile_cars&sort=price-desc,"<li><a href=""/car-details/202408213122258?advert-type=dealer-stock&amp;advertising-location=at_cars&amp;advertising-location=at_profile_cars&amp;advertising-location=at_cars&amp;advertising-location=at_profile_cars&amp;fromDealerSearchResults=%2Fretailer%2Fstock%3Fadvertising-location%3Dat_cars%26advertising-location%3Dat_profile_cars%26dealer%3D7402%26onesearchad%3DUsed%26onesearchad%3DNearly%2520New%26onesearchad%3DNew%26advertising-location%3Dat_cars%26advertising-location%3Dat_profile_cars%26sort%3Dprice-desc&amp;dpp=7402&amp;sort=price-desc&amp;percentVehiclePriceDeposit=true""><div class=""stock-view-listing"" id=""202408213122258"" name=""202408213122258""><div class=""information-container""><img alt="" "" class=""featured-image"" src=""https://m.atcdn.co.uk/a/media/w227h170/743ebdc0b4624b90ad6c01ad210d64e2.jpg""/><div class=""image-overlay""><span class=""svg-holder""><span><svg height=""11"" width=""14"" xmlns=""http://www.w3.org/2000/svg""><g fill=""none"" fill-rule=""evenodd""><path d=""M7 9a3 3 0 1 1 0-6 3 3 0 0 1 0 6zm0-1a2 2 0 1 0 0-4 2 2 0 0 0 0 4z"" fill=""#FFF""></path><path d=""M4.854.5h4.292l1.315 1.795.15.205H12.4c.812 0 1.1.22 1.1 1v5.935c0 .582-.494 1.065-1.1 1.065H1.6c-.606 0-1.1-.483-1.1-1.065V3.5c0-.78.288-1 1.1-1h1.79l.15-.205L4.853.5z"" stroke=""#FFF""></path></g></svg></span></span>44</div><span class=""information""><h2>Bentley Brooklands 6.8 Saloon 4dr Petrol Automatic (409 g/km, 300 bhp)</h2><h3></h3><p>1997 (P reg) | Saloon | 132,000 miles | 6.8L | Automatic | Petrol | 4 doors | 8 owners</p><p class=""vehicle-condition""></p><p></p><p class=""dealer-location"">Harringtons Of Fulham Ltd, Fulham</p></span></div><div class=""price-container""><h2 class=""atc-type-insignia--medium vehicle-price"">£10,995</h2></div><div class=""list-images-and-logo-container""><ul class=""list-images""><li><img alt="""" class=""list-image"" src=""https://m.atcdn.co.uk/a/media/w84h63/86e08b4bc1094bc18455d1ece2f4fe90.jpg""/></li><li><img alt="""" class=""list-image"" src=""https://m.atcdn.co.uk/a/media/w84h63/efa69e9ba2a8487f8a79e809b95274f5.jpg""/></li><li><img alt="""" class=""list-image"" src=""https://m.atcdn.co.uk/a/media/w84h63/0698bde2d77343839ee925a0f767827b.jpg""/></li><li><img alt="""" class=""list-image"" src=""https://m.atcdn.co.uk/a/media/w84h63/3c26669a2fec435193ab4de25accea81.jpg""/></li><li><img alt="""" class=""list-image"" src=""https://m.atcdn.co.uk/a/media/w84h63/baa034342779476eb489b628bfbaeddf.jpg""/></li><li><img alt="""" class=""list-image"" src=""https://m.atcdn.co.uk/a/media/w84h63/00f10f56b5e9496788d2158866333cdd.jpg""/></li><li><img alt="""" class=""list-image"" src=""https://m.atcdn.co.uk/a/media/w84h63/f837167c667046f7a529d268ca339730.jpg""/></li></ul><img alt=""Dealer logo"" src=""https://m.atcdn.co.uk/dealer-logo/at2/adbranding/7402/images/searchlogo.gif""/></div></div></a></li>"
https://www.autotrader.co.uk/retailer/stock?advertising-location=at_cars&advertising-location=at_profile_cars&dealer=7402&onesearchad=Used&onesearchad=Nearly%20New&onesearchad=New&advertising-location=at_cars&advertising-location=at_profile_cars&sort=price-desc,"<li><a href=""/car-details/202403278037688?advert-type=dealer-stock&amp;advertising-location=at_cars&amp;advertising-location=at_profile_cars&amp;advertising-location=at_cars&amp;advertising-location=at_profile_cars&amp;fromDealerSearchResults=%2Fretailer%2Fstock%3Fadvertising-location%3Dat_cars%26advertising-location%3Dat_profile_cars%26dealer%3D7402%26onesearchad%3DUsed%26onesearchad%3DNearly%2520New%26onesearchad%3DNew%26advertising-location%3Dat_cars%26advertising-location%3Dat_profile_cars%26sort%3Dprice-desc&amp;dpp=7402&amp;sort=price-desc&amp;percentVehiclePriceDeposit=true""><div class=""stock-view-listing"" id=""202403278037688"" name=""202403278037688""><div class=""information-container""><img alt="" "" class=""featured-image"" src=""https://m.atcdn.co.uk/a/media/w227h170/c96302d4ebfa4a658380f80e67d6a6c9.jpg""/><div class=""image-overlay""><span class=""svg-holder""><span><svg height=""11"" width=""14"" xmlns=""http://www.w3.org/2000/svg""><g fill=""none"" fill-rule=""evenodd""><path d=""M7 9a3 3 0 1 1 0-6 3 3 0 0 1 0 6zm0-1a2 2 0 1 0 0-4 2 2 0 0 0 0 4z"" fill=""#FFF""></path><path d=""M4.854.5h4.292l1.315 1.795.15.205H12.4c.812 0 1.1.22 1.1 1v5.935c0 .582-.494 1.065-1.1 1.065H1.6c-.606 0-1.1-.483-1.1-1.065V3.5c0-.78.288-1 1.1-1h1.79l.15-.205L4.853.5z"" stroke=""#FFF""></path></g></svg></span></span>34</div><span class=""information""><h2>Audi A1 1.4 TFSI Sport Sportback 5dr Petrol Manual Euro 6 (s/s) (125 ps)</h2><h3></h3><p>2017 (17 reg) | Hatchback | 32,000 miles | 1.4L | Manual | Petrol | 5 doors | 5 seats | 2 owners</p><p class=""vehicle-condition""></p><p></p><p class=""dealer-location"">Harringtons Of Fulham Ltd, Fulham</p></span></div><div class=""price-container""><h2 class=""atc-type-insignia--medium vehicle-price"">£10,495</h2><div class=""price-indicator-gauge-container price-indicator-gauge-container--lozenge""><div class=""price-indicator-gauge__lozenge price-indicator-gauge__lozenge--low atc-type-smart atc-type-smart--medium"">Lower price</div></div></div><div class=""list-images-and-logo-container""><ul class=""list-images""><li><img alt="""" class=""list-image"" src=""https://m.atcdn.co.uk/a/media/w84h63/16267dc7cbcf43448da4eb3dfcd3fda4.jpg""/></li><li><img alt="""" class=""list-image"" src=""https://m.atcdn.co.uk/a/media/w84h63/0a4457c4aaad431ab0a09b431e685b89.jpg""/></li><li><img alt="""" class=""list-image"" src=""https://m.atcdn.co.uk/a/media/w84h63/e6a170155a76467d9831270b9b7173ff.jpg""/></li><li><img alt="""" class=""list-image"" src=""https://m.atcdn.co.uk/a/media/w84h63/7d0592161a58448699243b33488e6672.jpg""/></li><li><img alt="""" class=""list-image"" src=""https://m.atcdn.co.uk/a/media/w84h63/32ef1ab1bbb7490aaf995da70a33cecc.jpg""/></li><li><img alt="""" class=""list-image"" src=""https://m.atcdn.co.uk/a/media/w84h63/7055a5fc22f748bb9a01a8ffc3bf0503.jpg""/></li><li><img alt="""" class=""list-image"" src=""https://m.atcdn.co.uk/a/media/w84h63/2b7ccf05bb944136865b2c23a3a3a9a3.jpg""/></li></ul><img alt=""Dealer logo"" src=""https://m.atcdn.co.uk/dealer-logo/at2/adbranding/7402/images/searchlogo.gif""/></div></div></a></li>"
https://www.autotrader.co.uk/retailer/stock?advertising-location=at_cars&advertising-location=at_profile_cars&dealer=7402&onesearchad=Used&onesearchad=Nearly%20New&onesearchad=New&advertising-location=at_cars&advertising-location=at_profile_cars&sort=price-desc,"<li><a href=""/car-details/202309182108359?advert-type=dealer-stock&amp;advertising-location=at_cars&amp;advertising-location=at_profile_cars&amp;advertising-location=at_cars&amp;advertising-location=at_profile_cars&amp;fromDealerSearchResults=%2Fretailer%2Fstock%3Fadvertising-location%3Dat_cars%26advertising-location%3Dat_profile_cars%26dealer%3D7402%26onesearchad%3DUsed%26onesearchad%3DNearly%2520New%26onesearchad%3DNew%26advertising-location%3Dat_cars%26advertising-location%3Dat_profile_cars%26sort%3Dprice-desc&amp;dpp=7402&amp;sort=price-desc&amp;percentVehiclePriceDeposit=true""><div class=""stock-view-listing"" id=""202309182108359"" name=""202309182108359""><div class=""information-container""><img alt="" "" class=""featured-image"" src=""https://m.atcdn.co.uk/a/media/w227h170/497cab78fe124e5bab83c221c9bef31b.jpg""/><div class=""image-overlay""><span class=""svg-holder""><span><svg height=""11"" width=""14"" xmlns=""http://www.w3.org/2000/svg""><g fill=""none"" fill-rule=""evenodd""><path d=""M7 9a3 3 0 1 1 0-6 3 3 0 0 1 0 6zm0-1a2 2 0 1 0 0-4 2 2 0 0 0 0 4z"" fill=""#FFF""></path><path d=""M4.854.5h4.292l1.315 1.795.15.205H12.4c.812 0 1.1.22 1.1 1v5.935c0 .582-.494 1.065-1.1 1.065H1.6c-.606 0-1.1-.483-1.1-1.065V3.5c0-.78.288-1 1.1-1h1.79l.15-.205L4.853.5z"" stroke=""#FFF""></path></g></svg></span></span>19</div><span class=""information""><h2>Fiat Panda 0.9 TwinAir Waze Hatchback 5dr Petrol Manual Euro 6 (s/s) (90 bhp)</h2><h3>4x4 that will never let you go</h3><p>2019 (19 reg) | Hatchback | 12,000 miles | 0.9L | Manual | Petrol | 5 doors | 4 seats | 2 owners | Full service history</p><p class=""vehicle-condition""></p><p></p><p class=""dealer-location"">Harringtons Of Fulham Ltd, Fulham</p></span></div><div class=""price-container""><h2 class=""atc-type-insignia--medium vehicle-price"">£9,995</h2><div class=""price-indicator-gauge-container price-indicator-gauge-container--lozenge""><div class=""price-indicator-gauge__lozenge price-indicator-gauge__lozenge--low atc-type-smart atc-type-smart--medium"">Lower price</div></div></div><div class=""list-images-and-logo-container""><ul class=""list-images""><li><img alt="""" class=""list-image"" src=""https://m.atcdn.co.uk/a/media/w84h63/9d4e1a6018db473694b2a4fb0a031064.jpg""/></li><li><img alt="""" class=""list-image"" src=""https://m.atcdn.co.uk/a/media/w84h63/b832d619402e4958a436959dfc2a43f4.jpg""/></li><li><img alt="""" class=""list-image"" src=""https://m.atcdn.co.uk/a/media/w84h63/38ebfd11eadf465ca7f30fca00f23abb.jpg""/></li><li><img alt="""" class=""list-image"" src=""https://m.atcdn.co.uk/a/media/w84h63/5df8b1c504dd4806800f55e42fbc7f50.jpg""/></li><li><img alt="""" class=""list-image"" src=""https://m.atcdn.co.uk/a/media/w84h63/1457c2627d2f4e42b4b2d87c41c8adb3.jpg""/></li><li><img alt="""" class=""list-image"" src=""https://m.atcdn.co.uk/a/media/w84h63/f46b14f43aba424d9b5ddaea5ce4ece2.jpg""/></li><li><img alt="""" class=""list-image"" src=""https://m.atcdn.co.uk/a/media/w84h63/15493c0be3ad4a3baa1aa9b78a206cb8.jpg""/></li></ul><img alt=""Dealer logo"" src=""https://m.atcdn.co.uk/dealer-logo/at2/adbranding/7402/images/searchlogo.gif""/></div></div></a></li>"
https://www.autotrader.co.uk/retailer/stock?advertising-location=at_cars&advertising-location=at_profile_cars&dealer=7402&onesearchad=Used&onesearchad=Nearly%20New&onesearchad=New&advertising-location=at_cars&advertising-location=at_profile_cars&sort=price-desc,"<li><a href=""/car-details/202408203086599?advert-type=dealer-stock&amp;advertising-location=at_cars&amp;advertising-location=at_profile_cars&amp;advertising-location=at_cars&amp;advertising-location=at_profile_cars&amp;fromDealerSearchResults=%2Fretailer%2Fstock%3Fadvertising-location%3Dat_cars%26advertising-location%3Dat_profile_cars%26dealer%3D7402%26onesearchad%3DUsed%26onesearchad%3DNearly%2520New%26onesearchad%3DNew%26advertising-location%3Dat_cars%26advertising-location%3Dat_profile_cars%26sort%3Dprice-desc&amp;dpp=7402&amp;sort=price-desc&amp;percentVehiclePriceDeposit=true""><div class=""stock-view-listing"" id=""202408203086599"" name=""202408203086599""><div class=""information-container""><img alt="" "" class=""featured-image"" src=""https://m.atcdn.co.uk/a/media/w227h170/a7882784bd2f48eb9afe649895483df4.jpg""/><div class=""image-overlay""><span class=""svg-holder""><span><svg height=""11"" width=""14"" xmlns=""http://www.w3.org/2000/svg""><g fill=""none"" fill-rule=""evenodd""><path d=""M7 9a3 3 0 1 1 0-6 3 3 0 0 1 0 6zm0-1a2 2 0 1 0 0-4 2 2 0 0 0 0 4z"" fill=""#FFF""></path><path d=""M4.854.5h4.292l1.315 1.795.15.205H12.4c.812 0 1.1.22 1.1 1v5.935c0 .582-.494 1.065-1.1 1.065H1.6c-.606 0-1.1-.483-1.1-1.065V3.5c0-.78.288-1 1.1-1h1.79l.15-.205L4.853.5z"" stroke=""#FFF""></path></g></svg></span></span>48</div><span class=""information""><h2>Volvo V60 2.0 D4 R-Design Lux Nav Estate 5dr Diesel Manual Euro 6 (s/s) (190 ps)</h2><h3></h3><p>2016 (16 reg) | Estate | 96,000 miles | 2.0L | Manual | Diesel | 5 doors | 5 seats | 4 owners</p><p class=""vehicle-condition""></p><p></p><p class=""dealer-location"">Harringtons Of Fulham Ltd, Fulham</p></span></div><div class=""price-container""><h2 class=""atc-type-insignia--medium vehicle-price"">£8,995</h2><div class=""price-indicator-gauge-container price-indicator-gauge-container--lozenge""><div class=""price-indicator-gauge__lozenge price-indicator-gauge__lozenge--good atc-type-smart atc-type-smart--medium"">Good price</div></div></div><div class=""list-images-and-logo-container""><ul class=""list-images""><li><img alt="""" class=""list-image"" src=""https://m.atcdn.co.uk/a/media/w84h63/321661d0f49547ad958d9a7df60aa3e5.jpg""/></li><li><img alt="""" class=""list-image"" src=""https://m.atcdn.co.uk/a/media/w84h63/1ee2cc396aa34eaa8a0d5e6a39edb448.jpg""/></li><li><img alt="""" class=""list-image"" src=""https://m.atcdn.co.uk/a/media/w84h63/ea1cbceb6bb44b63a126ea7987a5a974.jpg""/></li><li><img alt="""" class=""list-image"" src=""https://m.atcdn.co.uk/a/media/w84h63/f7b009414aa54fdfb10f5551cfc0d1d0.jpg""/></li><li><img alt="""" class=""list-image"" src=""https://m.atcdn.co.uk/a/media/w84h63/918ead00004b404fb452b3b2d2a9bfe3.jpg""/></li><li><img alt="""" class=""list-image"" src=""https://m.atcdn.co.uk/a/media/w84h63/1243ea772ee144b6894c1315e6a42e70.jpg""/></li><li><img alt="""" class=""list-image"" src=""https://m.atcdn.co.uk/a/media/w84h63/c905911ff03a412783f0bec0bbdafe9d.jpg""/></li></ul><img alt=""Dealer logo"" src=""https://m.atcdn.co.uk/dealer-logo/at2/adbranding/7402/images/searchlogo.gif""/></div></div></a></li>"
https://www.autotrader.co.uk/retailer/stock?advertising-location=at_cars&advertising-location=at_profile_cars&dealer=7402&onesearchad=Used&onesearchad=Nearly%20New&onesearchad=New&advertising-location=at_cars&advertising-location=at_profile_cars&sort=price-desc,"<li><a href=""/car-details/202407252149883?advert-type=dealer-stock&amp;advertising-location=at_cars&amp;advertising-location=at_profile_cars&amp;advertising-location=at_cars&amp;advertising-location=at_profile_cars&amp;fromDealerSearchResults=%2Fretailer%2Fstock%3Fadvertising-location%3Dat_cars%26advertising-location%3Dat_profile_cars%26advertising-location%3Dat_cars%26advertising-location%3Dat_profile_cars%26dealer%3D7402%26onesearchad%3DUsed%26onesearchad%3DNearly%2520New%26onesearchad%3DNew%26sort%3Dprice-desc%26page%3D2&amp;dpp=7402&amp;sort=price-desc&amp;percentVehiclePriceDeposit=true""><div class=""stock-view-listing"" id=""202407252149883"" name=""202407252149883""><div class=""information-container""><img alt="" "" class=""featured-image"" src=""https://m.atcdn.co.uk/a/media/w227h170/35f98f3f5764480c903ba5c99940f774.jpg""/><div class=""image-overlay""><span class=""svg-holder""><span><svg height=""11"" width=""14"" xmlns=""http://www.w3.org/2000/svg""><g fill=""none"" fill-rule=""evenodd""><path d=""M7 9a3 3 0 1 1 0-6 3 3 0 0 1 0 6zm0-1a2 2 0 1 0 0-4 2 2 0 0 0 0 4z"" fill=""#FFF""></path><path d=""M4.854.5h4.292l1.315 1.795.15.205H12.4c.812 0 1.1.22 1.1 1v5.935c0 .582-.494 1.065-1.1 1.065H1.6c-.606 0-1.1-.483-1.1-1.065V3.5c0-.78.288-1 1.1-1h1.79l.15-.205L4.853.5z"" stroke=""#FFF""></path></g></svg></span></span>38</div><span class=""information""><h2>Land Rover Discovery 4 3.0 TD V6 HSE SUV 5dr Diesel Auto 4WD Euro 4 (245 ps)</h2><h3></h3><p>2010 (60 reg) | SUV | 114,000 miles | 3.0L | Automatic | Diesel | 5 doors | 7 seats | 4 owners</p><p class=""vehicle-condition""></p><p></p><p class=""dealer-location"">Harringtons Of Fulham Ltd, Fulham</p></span></div><div class=""price-container""><h2 class=""atc-type-insignia--medium vehicle-price"">£8,995</h2><div class=""price-indicator-gauge-container price-indicator-gauge-container--lozenge""><div class=""price-indicator-gauge__lozenge price-indicator-gauge__lozenge--low atc-type-smart atc-type-smart--medium"">Lower price</div></div></div><div class=""list-images-and-logo-container""><ul class=""list-images""><li><img alt="""" class=""list-image"" src=""https://m.atcdn.co.uk/a/media/w84h63/7bf079eac12c4ea0ba1229745b79fd84.jpg""/></li><li><img alt="""" class=""list-image"" src=""https://m.atcdn.co.uk/a/media/w84h63/8f31ed3aa1db40da94e213f563bbe3dd.jpg""/></li><li><img alt="""" class=""list-image"" src=""https://m.atcdn.co.uk/a/media/w84h63/6d18d185703f4b978f3048a57fc57a65.jpg""/></li><li><img alt="""" class=""list-image"" src=""https://m.atcdn.co.uk/a/media/w84h63/dd8ae32794c44a38b25ee8a835736b11.jpg""/></li><li><img alt="""" class=""list-image"" src=""https://m.atcdn.co.uk/a/media/w84h63/25f028f65079439199aeb7f7a9b1a0e7.jpg""/></li><li><img alt="""" class=""list-image"" src=""https://m.atcdn.co.uk/a/media/w84h63/6076b4f511de414b9e0767135486da50.jpg""/></li><li><img alt="""" class=""list-image"" src=""https://m.atcdn.co.uk/a/media/w84h63/ff5c44585bc84e388575b63b462575a8.jpg""/></li></ul><img alt=""Dealer logo"" src=""https://m.atcdn.co.uk/dealer-logo/at2/adbranding/7402/images/searchlogo.gif""/></div></div></a></li>"
https://www.autotrader.co.uk/retailer/stock?advertising-location=at_cars&advertising-location=at_profile_cars&dealer=7402&onesearchad=Used&onesearchad=Nearly%20New&onesearchad=New&advertising-location=at_cars&advertising-location=at_profile_cars&sort=price-desc,"<li><a href=""/car-details/202407252149882?advert-type=dealer-stock&amp;advertising-location=at_cars&amp;advertising-location=at_profile_cars&amp;advertising-location=at_cars&amp;advertising-location=at_profile_cars&amp;fromDealerSearchResults=%2Fretailer%2Fstock%3Fadvertising-location%3Dat_cars%26advertising-location%3Dat_profile_cars%26advertising-location%3Dat_cars%26advertising-location%3Dat_profile_cars%26dealer%3D7402%26onesearchad%3DUsed%26onesearchad%3DNearly%2520New%26onesearchad%3DNew%26sort%3Dprice-desc%26page%3D2&amp;dpp=7402&amp;sort=price-desc&amp;percentVehiclePriceDeposit=true""><div class=""stock-view-listing"" id=""202407252149882"" name=""202407252149882""><div class=""information-container""><img alt="" "" class=""featured-image"" src=""https://m.atcdn.co.uk/a/media/w227h170/e61e278a9859421daae3f92fa03312d3.jpg""/><div class=""image-overlay""><span class=""svg-holder""><span><svg height=""11"" width=""14"" xmlns=""http://www.w3.org/2000/svg""><g fill=""none"" fill-rule=""evenodd""><path d=""M7 9a3 3 0 1 1 0-6 3 3 0 0 1 0 6zm0-1a2 2 0 1 0 0-4 2 2 0 0 0 0 4z"" fill=""#FFF""></path><path d=""M4.854.5h4.292l1.315 1.795.15.205H12.4c.812 0 1.1.22 1.1 1v5.935c0 .582-.494 1.065-1.1 1.065H1.6c-.606 0-1.1-.483-1.1-1.065V3.5c0-.78.288-1 1.1-1h1.79l.15-.205L4.853.5z"" stroke=""#FFF""></path></g></svg></span></span>26</div><span class=""information""><h2>Mercedes-Benz E Class 220 TE 5dr 2.2</h2><h3></h3><p>1995 (N reg) | Estate | 173,000 miles | 2.2L | Manual | Petrol | 5 doors | 8 owners</p><p class=""vehicle-condition""></p><p></p><p class=""dealer-location"">Harringtons Of Fulham Ltd, Fulham</p></span></div><div class=""price-container""><h2 class=""atc-type-insignia--medium vehicle-price"">£7,995</h2></div><div class=""list-images-and-logo-container""><ul class=""list-images""><li><img alt="""" class=""list-image"" src=""https://m.atcdn.co.uk/a/media/w84h63/ff1a86098072405da3115262055df822.jpg""/></li><li><img alt="""" class=""list-image"" src=""https://m.atcdn.co.uk/a/media/w84h63/c2309aa0691d488daf3efa62372c7d50.jpg""/></li><li><img alt="""" class=""list-image"" src=""https://m.atcdn.co.uk/a/media/w84h63/d3743bb0e1614bc9bde1e27ea28f9b43.jpg""/></li><li><img alt="""" class=""list-image"" src=""https://m.atcdn.co.uk/a/media/w84h63/3aef9c21aac542f3a270d3f6b271f74b.jpg""/></li><li><img alt="""" class=""list-image"" src=""https://m.atcdn.co.uk/a/media/w84h63/4fa86b9bccaa4c108c9ed4a482601394.jpg""/></li><li><img alt="""" class=""list-image"" src=""https://m.atcdn.co.uk/a/media/w84h63/0b0057c2ee7b4e839e7e1c7d0690462c.jpg""/></li><li><img alt="""" class=""list-image"" src=""https://m.atcdn.co.uk/a/media/w84h63/044f3ce1f512412f90c500ec9f00f161.jpg""/></li></ul><img alt=""Dealer logo"" src=""https://m.atcdn.co.uk/dealer-logo/at2/adbranding/7402/images/searchlogo.gif""/></div></div></a></li>"
https://www.autotrader.co.uk/retailer/stock?advertising-location=at_cars&advertising-location=at_profile_cars&dealer=7402&onesearchad=Used&onesearchad=Nearly%20New&onesearchad=New&advertising-location=at_cars&advertising-location=at_profile_cars&sort=price-desc,"<li><a href=""/car-details/202408012398049?advert-type=dealer-stock&amp;advertising-location=at_cars&amp;advertising-location=at_profile_cars&amp;advertising-location=at_cars&amp;advertising-location=at_profile_cars&amp;fromDealerSearchResults=%2Fretailer%2Fstock%3Fadvertising-location%3Dat_cars%26advertising-location%3Dat_profile_cars%26advertising-location%3Dat_cars%26advertising-location%3Dat_profile_cars%26dealer%3D7402%26onesearchad%3DUsed%26onesearchad%3DNearly%2520New%26onesearchad%3DNew%26sort%3Dprice-desc%26page%3D2&amp;dpp=7402&amp;sort=price-desc&amp;percentVehiclePriceDeposit=true""><div class=""stock-view-listing"" id=""202408012398049"" name=""202408012398049""><div class=""information-container""><img alt="" "" class=""featured-image"" src=""https://m.atcdn.co.uk/a/media/w227h170/7727275645694fa2baac65f1b8a52e2a.jpg""/><div class=""image-overlay""><span class=""svg-holder""><span><svg height=""11"" width=""14"" xmlns=""http://www.w3.org/2000/svg""><g fill=""none"" fill-rule=""evenodd""><path d=""M7 9a3 3 0 1 1 0-6 3 3 0 0 1 0 6zm0-1a2 2 0 1 0 0-4 2 2 0 0 0 0 4z"" fill=""#FFF""></path><path d=""M4.854.5h4.292l1.315 1.795.15.205H12.4c.812 0 1.1.22 1.1 1v5.935c0 .582-.494 1.065-1.1 1.065H1.6c-.606 0-1.1-.483-1.1-1.065V3.5c0-.78.288-1 1.1-1h1.79l.15-.205L4.853.5z"" stroke=""#FFF""></path></g></svg></span></span>18</div><span class=""information""><h2>SKODA Octavia 1.4 TSI SE Estate 5dr Petrol Manual Euro 5 (122 ps)</h2><h3></h3><p>2012 (62 reg) | Estate | 35,000 miles | 1.4L | Manual | Petrol | 5 doors | 5 seats | 4 owners</p><p class=""vehicle-condition""></p><p></p><p class=""dealer-location"">Harringtons Of Fulham Ltd, Fulham</p></span></div><div class=""price-container""><h2 class=""atc-type-insignia--medium vehicle-price"">£7,495</h2><div class=""price-indicator-gauge-container price-indicator-gauge-container--lozenge""><div class=""price-indicator-gauge__lozenge price-indicator-gauge__lozenge--good atc-type-smart atc-type-smart--medium"">Good price</div></div></div><div class=""list-images-and-logo-container""><ul class=""list-images""><li><img alt="""" class=""list-image"" src=""https://m.atcdn.co.uk/a/media/w84h63/8a7e1ef4dcd74d0b8b46513e99c8ffe1.jpg""/></li><li><img alt="""" class=""list-image"" src=""https://m.atcdn.co.uk/a/media/w84h63/c8799ff0e9934b4a870db9b9d294ed6f.jpg""/></li><li><img alt="""" class=""list-image"" src=""https://m.atcdn.co.uk/a/media/w84h63/5c53871b84754ad0abb9a618cfed5dd4.jpg""/></li><li><img alt="""" class=""list-image"" src=""https://m.atcdn.co.uk/a/media/w84h63/8e8f84555b5a491d9a28a81e21f8774d.jpg""/></li><li><img alt="""" class=""list-image"" src=""https://m.atcdn.co.uk/a/media/w84h63/cb61e42db4c546bd97cb07f09a9e3b8d.jpg""/></li><li><img alt="""" class=""list-image"" src=""https://m.atcdn.co.uk/a/media/w84h63/ad48356719d1415eb66b5fbcc3d12658.jpg""/></li><li><img alt="""" class=""list-image"" src=""https://m.atcdn.co.uk/a/media/w84h63/f06ea12adb2c4c2ea5ad650135494747.jpg""/></li></ul><img alt=""Dealer logo"" src=""https://m.atcdn.co.uk/dealer-logo/at2/adbranding/7402/images/searchlogo.gif""/></div></div></a></li>"
https://www.autotrader.co.uk/retailer/stock?advertising-location=at_cars&advertising-location=at_profile_cars&dealer=7402&onesearchad=Used&onesearchad=Nearly%20New&onesearchad=New&advertising-location=at_cars&advertising-location=at_profile_cars&sort=price-desc,"<li><a href=""/car-details/202407091587497?advert-type=dealer-stock&amp;advertising-location=at_cars&amp;advertising-location=at_profile_cars&amp;advertising-location=at_cars&amp;advertising-location=at_profile_cars&amp;fromDealerSearchResults=%2Fretailer%2Fstock%3Fadvertising-location%3Dat_cars%26advertising-location%3Dat_profile_cars%26advertising-location%3Dat_cars%26advertising-location%3Dat_profile_cars%26dealer%3D7402%26onesearchad%3DUsed%26onesearchad%3DNearly%2520New%26onesearchad%3DNew%26sort%3Dprice-desc%26page%3D2&amp;dpp=7402&amp;sort=price-desc&amp;percentVehiclePriceDeposit=true""><div class=""stock-view-listing"" id=""202407091587497"" name=""202407091587497""><div class=""information-container""><img alt="" "" class=""featured-image"" src=""https://m.atcdn.co.uk/a/media/w227h170/1efcdcc71e83410f86179c8a4d7541f8.jpg""/><div class=""image-overlay""><span class=""svg-holder""><span><svg height=""11"" width=""14"" xmlns=""http://www.w3.org/2000/svg""><g fill=""none"" fill-rule=""evenodd""><path d=""M7 9a3 3 0 1 1 0-6 3 3 0 0 1 0 6zm0-1a2 2 0 1 0 0-4 2 2 0 0 0 0 4z"" fill=""#FFF""></path><path d=""M4.854.5h4.292l1.315 1.795.15.205H12.4c.812 0 1.1.22 1.1 1v5.935c0 .582-.494 1.065-1.1 1.065H1.6c-.606 0-1.1-.483-1.1-1.065V3.5c0-.78.288-1 1.1-1h1.79l.15-.205L4.853.5z"" stroke=""#FFF""></path></g></svg></span></span>34</div><span class=""information""><h2>Nissan Qashqai 1.2 DIG-T n-tec+ SUV 5dr Petrol Manual 2WD Euro 6 (s/s) (115 ps)</h2><h3></h3><p>2015 (65 reg) | SUV | 57,000 miles | 1.2L | Manual | Petrol | 5 doors | 5 seats | 2 owners</p><p class=""vehicle-condition""></p><p></p><p class=""dealer-location"">Harringtons Of Fulham Ltd, Fulham</p></span></div><div class=""price-container""><h2 class=""atc-type-insignia--medium vehicle-price"">£7,495</h2><div class=""price-indicator-gauge-container price-indicator-gauge-container--lozenge""><div class=""price-indicator-gauge__lozenge price-indicator-gauge__lozenge--low atc-type-smart atc-type-smart--medium"">Lower price</div></div></div><div class=""list-images-and-logo-container""><ul class=""list-images""><li><img alt="""" class=""list-image"" src=""https://m.atcdn.co.uk/a/media/w84h63/67f371f61f514ee38eaa005fff1de309.jpg""/></li><li><img alt="""" class=""list-image"" src=""https://m.atcdn.co.uk/a/media/w84h63/7803c1d598a24df189afc518450a2334.jpg""/></li><li><img alt="""" class=""list-image"" src=""https://m.atcdn.co.uk/a/media/w84h63/6555de3ccdda4811ae41f4f5f024e47f.jpg""/></li><li><img alt="""" class=""list-image"" src=""https://m.atcdn.co.uk/a/media/w84h63/be398df022b34227b26396c76bc51c91.jpg""/></li><li><img alt="""" class=""list-image"" src=""https://m.atcdn.co.uk/a/media/w84h63/ad4ab90e2d3f4927b353011a8fb4322b.jpg""/></li><li><img alt="""" class=""list-image"" src=""https://m.atcdn.co.uk/a/media/w84h63/e19e8e8acd594dd7b3c27d869258cb80.jpg""/></li><li><img alt="""" class=""list-image"" src=""https://m.atcdn.co.uk/a/media/w84h63/e0bcb01ad10b4751be0e1529c697bee9.jpg""/></li></ul><img alt=""Dealer logo"" src=""https://m.atcdn.co.uk/dealer-logo/at2/adbranding/7402/images/searchlogo.gif""/></div></div></a></li>"
https://www.autotrader.co.uk/retailer/stock?advertising-location=at_cars&advertising-location=at_profile_cars&dealer=7402&onesearchad=Used&onesearchad=Nearly%20New&onesearchad=New&advertising-location=at_cars&advertising-location=at_profile_cars&sort=price-desc,"<li><a href=""/car-details/202407081560254?advert-type=dealer-stock&amp;advertising-location=at_cars&amp;advertising-location=at_profile_cars&amp;advertising-location=at_cars&amp;advertising-location=at_profile_cars&amp;fromDealerSearchResults=%2Fretailer%2Fstock%3Fadvertising-location%3Dat_cars%26advertising-location%3Dat_profile_cars%26advertising-location%3Dat_cars%26advertising-location%3Dat_profile_cars%26dealer%3D7402%26onesearchad%3DUsed%26onesearchad%3DNearly%2520New%26onesearchad%3DNew%26sort%3Dprice-desc%26page%3D2&amp;dpp=7402&amp;sort=price-desc&amp;percentVehiclePriceDeposit=true""><div class=""stock-view-listing"" id=""202407081560254"" name=""202407081560254""><div class=""information-container""><img alt="" "" class=""featured-image"" src=""https://m.atcdn.co.uk/a/media/w227h170/02c7edda1e8d40da8278078c5f3ceca6.jpg""/><div class=""image-overlay""><span class=""svg-holder""><span><svg height=""11"" width=""14"" xmlns=""http://www.w3.org/2000/svg""><g fill=""none"" fill-rule=""evenodd""><path d=""M7 9a3 3 0 1 1 0-6 3 3 0 0 1 0 6zm0-1a2 2 0 1 0 0-4 2 2 0 0 0 0 4z"" fill=""#FFF""></path><path d=""M4.854.5h4.292l1.315 1.795.15.205H12.4c.812 0 1.1.22 1.1 1v5.935c0 .582-.494 1.065-1.1 1.065H1.6c-.606 0-1.1-.483-1.1-1.065V3.5c0-.78.288-1 1.1-1h1.79l.15-.205L4.853.5z"" stroke=""#FFF""></path></g></svg></span></span>8</div><span class=""information""><h2>SKODA Fabia 1.0 TSI SE Hatchback 5dr Petrol Manual Euro 6 (s/s) (95 ps)</h2><h3></h3><p>2017 (17 reg) | Hatchback | 37,000 miles | 1.0L | Manual | Petrol | 5 doors | 5 seats | 4 owners</p><p class=""vehicle-condition""></p><p></p><p class=""dealer-location"">Harringtons Of Fulham Ltd, Fulham</p></span></div><div class=""price-container""><h2 class=""atc-type-insignia--medium vehicle-price"">£7,495</h2><div class=""price-indicator-gauge-container price-indicator-gauge-container--lozenge""><div class=""price-indicator-gauge__lozenge price-indicator-gauge__lozenge--low atc-type-smart atc-type-smart--medium"">Lower price</div></div></div><div class=""list-images-and-logo-container""><ul class=""list-images""><li><img alt="""" class=""list-image"" src=""https://m.atcdn.co.uk/a/media/w84h63/8e321238bf73499a8982e416fd60ad6c.jpg""/></li><li><img alt="""" class=""list-image"" src=""https://m.atcdn.co.uk/a/media/w84h63/8539f715617c436aa6885ca1b6dd18d2.jpg""/></li><li><img alt="""" class=""list-image"" src=""https://m.atcdn.co.uk/a/media/w84h63/18a3e62f8dd84c1099398f07402d63a2.jpg""/></li><li><img alt="""" class=""list-image"" src=""https://m.atcdn.co.uk/a/media/w84h63/be641881dd654c3ca7b5351d2fce7142.jpg""/></li><li><img alt="""" class=""list-image"" src=""https://m.atcdn.co.uk/a/media/w84h63/09b60bfedae14eb289dda1df2277ddaf.jpg""/></li><li><img alt="""" class=""list-image"" src=""https://m.atcdn.co.uk/a/media/w84h63/d4a353edc9274fa78dcad7b2f0cdbaf3.jpg""/></li><li><img alt="""" class=""list-image"" src=""https://m.atcdn.co.uk/a/media/w84h63/b9d646b21b41457f81ae74c701550381.jpg""/></li></ul><img alt=""Dealer logo"" src=""https://m.atcdn.co.uk/dealer-logo/at2/adbranding/7402/images/searchlogo.gif""/></div></div></a></li>"
https://www.autotrader.co.uk/retailer/stock?advertising-location=at_cars&advertising-location=at_profile_cars&dealer=7402&onesearchad=Used&onesearchad=Nearly%20New&onesearchad=New&advertising-location=at_cars&advertising-location=at_profile_cars&sort=price-desc,"<li><a href=""/car-details/202407242116473?advert-type=dealer-stock&amp;advertising-location=at_cars&amp;advertising-location=at_profile_cars&amp;advertising-location=at_cars&amp;advertising-location=at_profile_cars&amp;fromDealerSearchResults=%2Fretailer%2Fstock%3Fadvertising-location%3Dat_cars%26advertising-location%3Dat_profile_cars%26advertising-location%3Dat_cars%26advertising-location%3Dat_profile_cars%26dealer%3D7402%26onesearchad%3DUsed%26onesearchad%3DNearly%2520New%26onesearchad%3DNew%26sort%3Dprice-desc%26page%3D2&amp;dpp=7402&amp;sort=price-desc&amp;percentVehiclePriceDeposit=true""><div class=""stock-view-listing"" id=""202407242116473"" name=""202407242116473""><div class=""information-container""><img alt="" "" class=""featured-image"" src=""https://m.atcdn.co.uk/a/media/w227h170/7a367b80047a46609ed41d3528f0cded.jpg""/><div class=""image-overlay""><span class=""svg-holder""><span><svg height=""11"" width=""14"" xmlns=""http://www.w3.org/2000/svg""><g fill=""none"" fill-rule=""evenodd""><path d=""M7 9a3 3 0 1 1 0-6 3 3 0 0 1 0 6zm0-1a2 2 0 1 0 0-4 2 2 0 0 0 0 4z"" fill=""#FFF""></path><path d=""M4.854.5h4.292l1.315 1.795.15.205H12.4c.812 0 1.1.22 1.1 1v5.935c0 .582-.494 1.065-1.1 1.065H1.6c-.606 0-1.1-.483-1.1-1.065V3.5c0-.78.288-1 1.1-1h1.79l.15-.205L4.853.5z"" stroke=""#FFF""></path></g></svg></span></span>30</div><span class=""information""><h2>Hyundai i10 1.2 Active Hatchback 5dr Petrol Auto Euro 5 (85 bhp)</h2><h3></h3><p>2013 (13 reg) | Hatchback | 47,000 miles | 1.2L | Automatic | Petrol | 5 doors | 5 seats | 3 owners</p><p class=""vehicle-condition""></p><p></p><p class=""dealer-location"">Harringtons Of Fulham Ltd, Fulham</p></span></div><div class=""price-container""><h2 class=""atc-type-insignia--medium vehicle-price"">£5,995</h2><div class=""price-indicator-gauge-container price-indicator-gauge-container--lozenge""><div class=""price-indicator-gauge__lozenge price-indicator-gauge__lozenge--good atc-type-smart atc-type-smart--medium"">Good price</div></div></div><div class=""list-images-and-logo-container""><ul class=""list-images""><li><img alt="""" class=""list-image"" src=""https://m.atcdn.co.uk/a/media/w84h63/2ae46cc3719a42cba57178536cd52a4f.jpg""/></li><li><img alt="""" class=""list-image"" src=""https://m.atcdn.co.uk/a/media/w84h63/7773534a8c6a4e788b23aa8feea3c7ae.jpg""/></li><li><img alt="""" class=""list-image"" src=""https://m.atcdn.co.uk/a/media/w84h63/704f602cfd344e129a70c1765d101e34.jpg""/></li><li><img alt="""" class=""list-image"" src=""https://m.atcdn.co.uk/a/media/w84h63/049224ecd44143499ab2cdc066d4c8e0.jpg""/></li><li><img alt="""" class=""list-image"" src=""https://m.atcdn.co.uk/a/media/w84h63/83dfb061f9044a5e95c94fbff03ba0b0.jpg""/></li><li><img alt="""" class=""list-image"" src=""https://m.atcdn.co.uk/a/media/w84h63/d7c9f691a5b64da5ba5a728ae2e9e640.jpg""/></li><li><img alt="""" class=""list-image"" src=""https://m.atcdn.co.uk/a/media/w84h63/e6b2ee0aaf734a3dbcbc2c1a3a791db3.jpg""/></li></ul><img alt=""Dealer logo"" src=""https://m.atcdn.co.uk/dealer-logo/at2/adbranding/7402/images/searchlogo.gif""/></div></div></a></li>"
https://www.autotrader.co.uk/retailer/stock?advertising-location=at_cars&advertising-location=at_profile_cars&dealer=7402&onesearchad=Used&onesearchad=Nearly%20New&onesearchad=New&advertising-location=at_cars&advertising-location=at_profile_cars&sort=price-desc,"<li><a href=""/car-details/202408213131944?advert-type=dealer-stock&amp;advertising-location=at_cars&amp;advertising-location=at_profile_cars&amp;advertising-location=at_cars&amp;advertising-location=at_profile_cars&amp;fromDealerSearchResults=%2Fretailer%2Fstock%3Fadvertising-location%3Dat_cars%26advertising-location%3Dat_profile_cars%26advertising-location%3Dat_cars%26advertising-location%3Dat_profile_cars%26dealer%3D7402%26onesearchad%3DUsed%26onesearchad%3DNearly%2520New%26onesearchad%3DNew%26sort%3Dprice-desc%26page%3D2&amp;dpp=7402&amp;sort=price-desc&amp;percentVehiclePriceDeposit=true""><div class=""stock-view-listing"" id=""202408213131944"" name=""202408213131944""><div class=""information-container""><img alt="" "" class=""featured-image"" src=""https://m.atcdn.co.uk/a/media/w227h170/7210b27040974aef93f2dd9a3ce8bd9c.jpg""/><div class=""image-overlay""><span class=""svg-holder""><span><svg height=""11"" width=""14"" xmlns=""http://www.w3.org/2000/svg""><g fill=""none"" fill-rule=""evenodd""><path d=""M7 9a3 3 0 1 1 0-6 3 3 0 0 1 0 6zm0-1a2 2 0 1 0 0-4 2 2 0 0 0 0 4z"" fill=""#FFF""></path><path d=""M4.854.5h4.292l1.315 1.795.15.205H12.4c.812 0 1.1.22 1.1 1v5.935c0 .582-.494 1.065-1.1 1.065H1.6c-.606 0-1.1-.483-1.1-1.065V3.5c0-.78.288-1 1.1-1h1.79l.15-.205L4.853.5z"" stroke=""#FFF""></path></g></svg></span></span>36</div><span class=""information""><h2>Vauxhall Corsa 1.2 16V Energy Hatchback 5dr Petrol Manual Euro 5 (A/C) (85 ps)</h2><h3></h3><p>2013 (13 reg) | Hatchback | 52,000 miles | 1.2L | Manual | Petrol | 5 doors | 5 seats | 3 owners</p><p class=""vehicle-condition""></p><p></p><p class=""dealer-location"">Harringtons Of Fulham Ltd, Fulham</p></span></div><div class=""price-container""><h2 class=""atc-type-insignia--medium vehicle-price"">£4,495</h2><div class=""price-indicator-gauge-container price-indicator-gauge-container--lozenge""><div class=""price-indicator-gauge__lozenge price-indicator-gauge__lozenge--fair atc-type-smart atc-type-smart--medium"">Fair price</div></div></div><div class=""list-images-and-logo-container""><ul class=""list-images""><li><img alt="""" class=""list-image"" src=""https://m.atcdn.co.uk/a/media/w84h63/1b052c54535d436f92ac227753e5f164.jpg""/></li><li><img alt="""" class=""list-image"" src=""https://m.atcdn.co.uk/a/media/w84h63/03854c8e57ee48d0a0d7620ae88a1320.jpg""/></li><li><img alt="""" class=""list-image"" src=""https://m.atcdn.co.uk/a/media/w84h63/ce8d9204fcec40bbab2e3ef6206aa826.jpg""/></li><li><img alt="""" class=""list-image"" src=""https://m.atcdn.co.uk/a/media/w84h63/8982bfe1646d4339be3d57a7a627f8bb.jpg""/></li><li><img alt="""" class=""list-image"" src=""https://m.atcdn.co.uk/a/media/w84h63/240f9480f020463397c03f0d82a86dba.jpg""/></li><li><img alt="""" class=""list-image"" src=""https://m.atcdn.co.uk/a/media/w84h63/d07063d5a8fd46958a10f3c3b3d2ea74.jpg""/></li><li><img alt="""" class=""list-image"" src=""https://m.atcdn.co.uk/a/media/w84h63/35e38a07dfcf4d87b57aa32901b12b7a.jpg""/></li></ul><img alt=""Dealer logo"" src=""https://m.atcdn.co.uk/dealer-logo/at2/adbranding/7402/images/searchlogo.gif""/></div></div></a></li>"
https://www.autotrader.co.uk/retailer/stock?advertising-location=at_cars&advertising-location=at_profile_cars&dealer=7402&onesearchad=Used&onesearchad=Nearly%20New&onesearchad=New&advertising-location=at_cars&advertising-location=at_profile_cars&sort=price-desc,"<li><a href=""/car-details/202407081560253?advert-type=dealer-stock&amp;advertising-location=at_cars&amp;advertising-location=at_profile_cars&amp;advertising-location=at_cars&amp;advertising-location=at_profile_cars&amp;fromDealerSearchResults=%2Fretailer%2Fstock%3Fadvertising-location%3Dat_cars%26advertising-location%3Dat_profile_cars%26advertising-location%3Dat_cars%26advertising-location%3Dat_profile_cars%26dealer%3D7402%26onesearchad%3DUsed%26onesearchad%3DNearly%2520New%26onesearchad%3DNew%26sort%3Dprice-desc%26page%3D2&amp;dpp=7402&amp;sort=price-desc&amp;percentVehiclePriceDeposit=true""><div class=""stock-view-listing"" id=""202407081560253"" name=""202407081560253""><div class=""information-container""><img alt="" "" class=""featured-image"" src=""https://m.atcdn.co.uk/a/media/w227h170/9c5c680bbe3847f98f55430a3e38b6f6.jpg""/><div class=""image-overlay""><span class=""svg-holder""><span><svg height=""11"" width=""14"" xmlns=""http://www.w3.org/2000/svg""><g fill=""none"" fill-rule=""evenodd""><path d=""M7 9a3 3 0 1 1 0-6 3 3 0 0 1 0 6zm0-1a2 2 0 1 0 0-4 2 2 0 0 0 0 4z"" fill=""#FFF""></path><path d=""M4.854.5h4.292l1.315 1.795.15.205H12.4c.812 0 1.1.22 1.1 1v5.935c0 .582-.494 1.065-1.1 1.065H1.6c-.606 0-1.1-.483-1.1-1.065V3.5c0-.78.288-1 1.1-1h1.79l.15-.205L4.853.5z"" stroke=""#FFF""></path></g></svg></span></span>8</div><span class=""information""><h2>Volkswagen Polo 1.2 S Hatchback 3dr Petrol Manual (144 g/km, 65 bhp)</h2><h3></h3><p>2007 (07 reg) | Hatchback | 72,000 miles | 1.2L | Manual | Petrol | 3 doors | 5 seats | 3 owners</p><p class=""vehicle-condition""></p><p></p><p class=""dealer-location"">Harringtons Of Fulham Ltd, Fulham</p></span></div><div class=""price-container""><h2 class=""atc-type-insignia--medium vehicle-price"">£2,995</h2></div><div class=""list-images-and-logo-container""><ul class=""list-images""><li><img alt="""" class=""list-image"" src=""https://m.atcdn.co.uk/a/media/w84h63/24fcd8de4bd04a678ae96ae1565e5545.jpg""/></li><li><img alt="""" class=""list-image"" src=""https://m.atcdn.co.uk/a/media/w84h63/6bc2d7fe727d40f09e90e8a27a7956c4.jpg""/></li><li><img alt="""" class=""list-image"" src=""https://m.atcdn.co.uk/a/media/w84h63/f46dacd715bc4d429088db263c809018.jpg""/></li><li><img alt="""" class=""list-image"" src=""https://m.atcdn.co.uk/a/media/w84h63/a6f1f998d5744cb4a9486c4abbcadc1f.jpg""/></li><li><img alt="""" class=""list-image"" src=""https://m.atcdn.co.uk/a/media/w84h63/e06c6eddf0804edfa9ac1592df2c85df.jpg""/></li><li><img alt="""" class=""list-image"" src=""https://m.atcdn.co.uk/a/media/w84h63/37e7fad54077470abcc5cccd6e2b828c.jpg""/></li><li><img alt="""" class=""list-image"" src=""https://m.atcdn.co.uk/a/media/w84h63/d288905dea6c41a5be4b70aee7c6028a.jpg""/></li></ul><img alt=""Dealer logo"" src=""https://m.atcdn.co.uk/dealer-logo/at2/adbranding/7402/images/searchlogo.gif""/></div></div></a></li>"
